{"cameraMode":{"drawMode":0,"name":"Shaded","section":"Shading Mode"},"sceneLighting":true,"audioPlay":false,"sceneViewState":{"showFog":true,"showMaterialUpdate":false,"showSkybox":true,"showFlares":true,"showImageEffects":true,"showParticleSystems":true},"in2DMode":false,"pivot":{"x":568.2110595703125,"y":574.4049682617188,"z":-1591.9737548828125},"rotation":{"x":-0.07673466950654984,"y":0.0039006888400763275,"z":-0.00028497754829004407,"w":-0.9970622062683106},"size":0.7070630788803101,"orthographic":false}